sku;nome
099M0172;SQUEEZE COM BICO PVC - 750ML - AMARELO
99COL01;COPO TERMICO
99COL02;GARRAFA
99COL03;CHAPÉU
99COL04;FONE DE OUVIDO
99TM0141;CAPACETE F9 HG AMARELO 99 MOTO
ASX8005;CAPACETE ASX CITY 99 PRETO BRILHO AMARELO/LARANJA 58/M
ASX8006;CAPACETE ASX CITY 99 PRETO BRILHO AMARELO/LARANJA 60/L
AT9902;MOCHILA BAG 99 FOOD
AT9905;MOCHILA BAG 99 FOOD QRCODE COSTAS
BTFX99;CHEST BAG POLIESTER P/ BIKE
EECT9902;MOCHILA BAG 99 FOOD
EECT9904;MOCHILA BAG 99 FOOD QRCODE
EECT9905;MOCHILA BAG 99 FOOD QRCODE COSTAS
FP-BON;MT - BONE AMERICANO BRIM
FVL99G;FIVELA 99 - G
FX1XG;JAQUETA CORTA VENTO - XG
KF5949G;CAPACETE BIKE PU DECALL + REFLETIVO - G
KF5949M;CAPACETE BIKE PU DECALL + REFLETIVO - M
LK0247G;CAMISETA DRY FIT MICROFIBRA PRIME TECH UV50+ - G
LK0247GG;CAMISETA DRY FIT MICROFIBRA PRIME TECH UV50+ - GG
LK0247M;CAMISETA DRY FIT MICROFIBRA PRIME TECH UV50+ - M
LK0247XG;CAMISETA DRY FIT MICROFIBRA PRIME TECH UV50+ - XG
LK0247XGG;CAMISETA DRY FIT MICROFIBRA PRIME TECH UV50+ - XGG
LK0247XXG;CAMISETA DRY FIT MICROFIBRA PRIME TECH UV50+ - XXG
LK0287G;JAQUETA MOTO IMPERMEAVEL 600R AMARELA - G
LK0287GG;JAQUETA MOTO IMPERMEAVEL 600R AMARELA - GG
LK0287M;JAQUETA MOTO IMPERMEAVEL 600R AMARELA - M
LK0287XG;JAQUETA MOTO IMPERMEAVEL 600R AMARELA -XG
LK0287XGG;JAQUETA MOTO IMPERMEAVEL 600R AMARELA - XGG
LK0354G;JAQUETA CORTA VENTO SUBLIMADA - G
LK0354GG;JAQUETA CORTA VENTO SUBLIMADA - GG
LK0354M;JAQUETA CORTA VENTO SUBLIMADA - M
LK0354XG;JAQUETA CORTA VENTO SUBLIMADA - XG
LK0354XGG;JAQUETA CORTA VENTO SUBLIMADA - XGG
LK0467;CHEST BAG POLIESTER P/ BIKE
LK169905;MOCHILA BAG 99 FOOD QRCODE COSTAS
LK169905IMP;MOCHILA BAG 99 FOOD QRCODE COSTAS
LK169906;BAG STREET POLIESTER 300 DIGITAL - 99 FOOD
LK249904IMP;MOCHILA BAG 99 FOOD QRCODE COSTAS - 24 UN CX
LK311651XG;JAQUETA MOTO IMPERMEAVEL 600R AMARELA - XG
LK354XG;JAQUETA CORTA VENTO SUBLIMADA - XG
LK354XGG;JAQUETA CORTA VENTO PADRÃO 99 - XGG
LK9901;MOCHILA BAG PEDE 99
LK9902;MOCHILA BAG 99 FOOD
LK9902IMP;MOCHILA BAG 99 FOOD
LK9903;MOCHILA BAG PEDE 99 QRCODE
LK9904;MOCHILA BAG 99 FOOD QRCODE NA ALÇA
MCL012UV;MANGUITO UV C/ DEDAL  PADRÃO 99 AMARELO TAM U
MCL03JAQI-M;JAQUETA MOTO IMPERMEAVEL AMARELA - M
MCL03JAQ-M;JAQUETA CORTA VENTO PADRÃO 99 - M
MCL03M;CAMISETA UV PADRAO 99 AMARELO TAM - M
MCL04G;CAMISETA UV PADRAO 99 AMARELO TAM - G
MCL04JAQ-G;JAQUETA CORTA VENTO PADRÃO 99 - G
MCL04JAQ-GG;JAQUETA CORTA VENTO PADRAO 99 - GG
MCL04JAQI-G;JAQUETA MOTO IMPERMEAVEL AMARELA - G
MCL04JAQI-GG;JAQUETA MOTO IMPERMEAVEL AMARELA - GG
MCL04JAQI-XG;JAQUETA MOTO IMPERMEAVEL AMARELA - XG
MCL04JAQ-XG;JAQUETA CORTA VENTO PADRAO 99 - XG
MCL05G;CAMISETA UV PADRAO 99 AMARELO TAM - G
MCL05GG;CAMISETA UV PADRAO 99 AMARELO TAM - GG
MCL05JAQ-GG;JAQUETA CORTA VENTO PADRÃO 99 - GG
MCL05M;CAMISETA UV PADRAO 99 AMARELO TAM - M
MCL06JAQ-XG;JAQUETA CORTA VENTO PADRÃO 99 - XG
MCL06XG;CAMISETA UV PADRAO 99 AMARELO TAM - XG
MCL06-XG;CAMISETA UV PADRAO 99 AMARELO TAM - XG
MCL07JAQI-XXG;JAQUETA MOTO IMPERMEAVEL AMARELA - XXG
MCL07JAQ-XXG;JAQUETA CORTA VENTO PADRÃO 99 - XXG
MCL07XXG;CAMISETA UV PADRAO 99 AMARELO TAM - XXG
PBK;Power Bank
PRC0002;CONJUNTO BIKE (PONCHO) M
PRC0003;CONJUNTO BIKE (PONCHO) G
PRC0004;CONJUNTO BIKE ( PONCHO ) GG
PRC0005;CONJUNTO BIKE ( PONCHO ) EGG
PRC0099;MOCHILA 45L AMARELA 99 FOOD ALUMINIZADA
PRC0395-M;CONJUNTO DE CHUVA PRC PLUS - M
PRC0396-G;CONJUNTO DE CHUVA PRC PLUS - G
PRC0397- GG;CONJUNTO DE CHUVA PRC PLUS - GG
PRC0397-GG;CONJUNTO DE CHUVA PRC PLUS - GG
PRC0398-EGG;CONJUNTO DE CHUVA PRC PLUS - EGG
STCMOTO-58;CAPACETE B-12 PERSON BCO/AM 58 99
STCMOTO-60;CAPACETE B-12 PERSON BCO/AM 60 99
XC3000;BAU 100L
XC3003;SUPORTE PARA BAU - AMORTECEDOR - TITAN 125/150 ATE 2014 / YBR / FACTOR
XC3004;SUPORTE PARA BAU - AMORTECEDOR - TITAN FAN START 125/150/160 APOS 2014
XC3005;KT FIXACAO SUPORTE PARA BAU
